{
	"pages": [
		{
			"path": "pages/index/index",
			"style": {
				"navigationBarTitleText": "uni-app",
				"navigationStyle": "custom"
			}
		},
		{
			"path": "pages/list/list",
			"style": {
				"navigationBarTitleText": "文章",
				"navigationBarBackgroundColor": "#AC9162",
				"navigationBarTextStyle": "white"
			}
		},
		{
			"path": "pages/my/my",
			"style": {
				"navigationBarTitleText": "",
				"navigationStyle": "custom"
			}
		},
		{
			"path": "uni_modules/uni-id-pages/pages/userinfo/deactivate/deactivate",
			"style": {
				"navigationBarTitleText": "注销账号"
			}
		},
		{
			"path": "uni_modules/uni-id-pages/pages/userinfo/userinfo",
			"style": {
				"navigationBarTitleText": "个人资料"
			}
		},
		{
			"path": "uni_modules/uni-id-pages/pages/userinfo/bind-mobile/bind-mobile",
			"style": {
				"navigationBarTitleText": "绑定手机号码"
			}
		},
		{
			"path": "uni_modules/uni-id-pages/pages/userinfo/cropImage/cropImage",
			"style": {
				"navigationBarTitleText": ""
			}
		},
		{
			"path": "uni_modules/uni-id-pages/pages/login/login-withoutpwd",
			"style": {
				"navigationBarTitleText": ""
			}
		},
		{
			"path": "uni_modules/uni-id-pages/pages/login/login-withpwd",
			"style": {
				"navigationBarTitleText": ""
			}
		},
		{
			"path": "uni_modules/uni-id-pages/pages/login/login-smscode",
			"style": {
				"navigationBarTitleText": "手机验证码登录"
			}
		},
		{
			"path": "uni_modules/uni-id-pages/pages/register/register",
			"style": {
				"navigationBarTitleText": "注册"
			}
		},
		{
			"path": "uni_modules/uni-id-pages/pages/register/register-by-email",
			"style": {
				"navigationBarTitleText": "邮箱验证码注册"
			}
		},
		{
			"path": "uni_modules/uni-id-pages/pages/retrieve/retrieve",
			"style": {
				"navigationBarTitleText": "重置密码"
			}
		},
		{
			"path": "uni_modules/uni-id-pages/pages/retrieve/retrieve-by-email",
			"style": {
				"navigationBarTitleText": "通过邮箱重置密码"
			}
		},
		{
			"path": "uni_modules/uni-id-pages/pages/common/webview/webview",
			"style": {
				"enablePullDownRefresh": false,
				"navigationBarTitleText": ""
			}
		},
		{
			"path": "uni_modules/uni-id-pages/pages/userinfo/change_pwd/change_pwd",
			"style": {
				"enablePullDownRefresh": false,
				"navigationBarTitleText": "修改密码"
			}
		},
		{
			"path": "uni_modules/uni-id-pages/pages/register/register-admin",
			"style": {
				"enablePullDownRefresh": false,
				"navigationBarTitleText": "注册管理员账号"
			}
		},
		{
			"path": "uni_modules/uni-id-pages/pages/userinfo/set-pwd/set-pwd",
			"style": {
				"enablePullDownRefresh": false,
				"navigationBarTitleText": "设置密码"
			}
		},
		{
			"path": "uni_modules/uni-id-pages/pages/userinfo/realname-verify/realname-verify",
			"style": {
				"enablePullDownRefresh": false,
				"navigationBarTitleText": "实名认证"
			}
		},
		{
			"path": "pages/detail/detail",
			"style": {
				"navigationBarTitleText": ""
			}
		},
		{
			"path": "pages/publish/publish",
			"style": {
				"navigationBarTitleText": ""
			}
		},
		{
			"path": "pages/Trends/Trends",
			"style": {
				"navigationBarTitleText": "动态",
				"navigationBarBackgroundColor": "#AC9162",
				"navigationBarTextStyle": "white"
			}
		},
		{
			"path": "pages/shibie/shibie",
			"style": {
				"navigationBarTitleText": ""
			}
		},
		{
			"path": "pages/detail2/detail2",
			"style": {
				"navigationBarTitleText": ""
			}
		},
		{
			"path": "pages/link1/link1",
			"style": {
				"navigationBarTitleText": "知识图谱",
				"enablePullDownRefresh": false
			}
		},
		{
			"path": "pages/link2/link2",
			"style": {
				"navigationBarTitleText": "知识问答",
				"enablePullDownRefresh": false
			}
		}
	],
	"globalStyle": {
		"navigationBarTextStyle": "black",
		"navigationBarTitleText": "uni-app",
		"navigationBarBackgroundColor": "#F8F8F8",
		"backgroundColor": "#F8F8F8"
	},
	"tabBar": {
			"backgroundColor": "#F7F7F7",
			"color": "#8B8B8B",
			"selectedColor": "#643E2E",
			"borderStyle": "white",
			"list": [
				{
					"pagePath": "pages/index/index",
					"text": "首页",
					"iconPath": "static/tabbar/index.png",
					"selectedIconPath": "static/tabbar/indexs.png"
				},
				{
					"pagePath": "pages/list/list",
					"text": "文章",
					"iconPath": "static/tabbar/list.png",
					"selectedIconPath": "static/tabbar/lists.png"
				},{
					"pagePath": "pages/Trends/Trends",
					"text": "动态",
					"iconPath": "static/tabbar/动态.png",
					"selectedIconPath": "static/tabbar/动态 (1).png"
				},
				{
					"pagePath": "pages/link1/link1",
					"text": "知识图谱",
					"iconPath": "static/tabbar/dongtai.png",
					"selectedIconPath": "static/tabbar/dongtaixuanzhong.png"
					},
				{
					"pagePath": "pages/link2/link2",
					"text": "知识问答",
					"iconPath": "static/tabbar/ques.png",
					"selectedIconPath": "static/tabbar/seleques.png"
					},{
					"pagePath": "pages/my/my",
					"text": "我的",
					"iconPath": "static/tabbar/my.png",
					"selectedIconPath": "static/tabbar/mys.png"
				}
				
			]
		},
	"uniIdRouter": {}
}
